<?xml version="1.0" encoding="UTF-8"?>
<beans xmlns="http://www.springframework.org/schema/beans"
	xmlns:xsi="http://www.w3.org/2001/XMLSchema-instance" 
	xmlns:context="http://www.springframework.org/schema/context"
	xmlns:aop="http://www.springframework.org/schema/aop"
	xmlns:tx="http://www.springframework.org/schema/tx"
	xsi:schemaLocation="http://www.springframework.org/schema/beans
           http://www.springframework.org/schema/beans/spring-beans-3.0.xsd
           http://www.springframework.org/schema/aop 
           http://www.springframework.org/schema/aop/spring-aop-3.0.xsd
           http://www.springframework.org/schema/tx
     	   http://www.springframework.org/schema/tx/spring-tx-3.0.xsd
           http://www.springframework.org/schema/context
           http://www.springframework.org/schema/context/spring-context-3.0.xsd">
	
	<!-- 加载properties配置文件-->
	<bean id="propertyConfigurer"
		class="org.springframework.beans.factory.config.PropertyPlaceholderConfigurer">
		<property name="locations">
			<list>
			    <value>classpath:/META-INF/jdbc-core.properties</value>
			</list>
		</property>
	</bean>
	
	<bean id="dataSource" class="com.alibaba.druid.pool.DruidDataSource" init-method="init"
		destroy-method="close">
		 
		<!-- 基本属性 url、user、password -->
		<property name="driverClassName" value="${jdbc.driverClassName}" />
		<property name="url" value="${jdbc.url}" />
		<property name="username" value="${jdbc.username}" />
		<property name="password" value="${jdbc.password}" />
	
		<!-- 配置初始化大小、最小、最大 -->
		<property name="initialSize" value="1" />
		<property name="minIdle" value="1" />
		<property name="maxActive" value="20" />
	
		<!-- 配置获取连接等待超时的时间 -->
		<property name="maxWait" value="60000" />
	
		<!-- 配置间隔多久才进行一次检测，检测需要关闭的空闲连接，单位是毫秒 -->
		<property name="timeBetweenEvictionRunsMillis" value="60000" />
	
		<!-- 配置一个连接在池中最小生存的时间，单位是毫秒 -->
		<property name="minEvictableIdleTimeMillis" value="300000" />
		
		<!-- 
			用来检测连接是否有效的sql，要求是一个查询语句。
			如果validationQuery为null，testOnBorrow、testOnReturn、
			testWhileIdle都不会其作用 
		-->
		<property name="validationQuery" value="SELECT 1 FROM DUAL" />
		<property name="testWhileIdle" value="true" />
		<property name="testOnBorrow" value="false" />
		<property name="testOnReturn" value="false" />
	
		<!-- 
			打开PSCache，并且指定每个连接上PSCache的大小 
			如果用Oracle，则把poolPreparedStatements配置为true，mysql可以配置为false
		-->
		<property name="poolPreparedStatements" value="true" />
		<property name="maxPoolPreparedStatementPerConnectionSize" value="20" />
	
		<!-- 配置监控统计拦截的filters，去掉后监控界面sql无法统计 -->
		<property name="filters" value="stat,wall,log4j" />
		
		<!-- 
			如果配置了proxyFilters，此配置可以不配置
			druid.stat.mergeSql=true 合并执行的相同sql，避免因为参数不同而统计多条sql语句
			druid.stat.slowSqlMillis=10000 用来配置SQL慢的标准，执行时间超过slowSqlMillis的就是慢
			
		<property name="connectionProperties" value="druid.stat.mergeSql=true;druid.stat.slowSqlMillis=10000" />
		 -->
		 
		<!-- 监控统计拦截的filters -->
		<!-- 并在filters属性中配置了log4j -->
		<property name="proxyFilters">
			<list>
				<ref bean="stat-filter" />
				<ref bean="log-filter" />
			</list>
		</property>
	</bean>
	
	<!-- 慢SQL记录-->
	<bean id="stat-filter" class="com.alibaba.druid.filter.stat.StatFilter">
		<property name="mergeSql" value="true" />
		<property name="slowSqlMillis" value="10000" />
		<property name="logSlowSql" value="true" />
	</bean>
	
	<bean id="log-filter" class="com.alibaba.druid.filter.logging.Log4jFilter">
		<!-- <property name="resultSetLogEnabled" value="false" /> -->
		<!-- <property name="statementExecutableSqlLogEnable" value="true" /> -->
	</bean>
	
	<!-- 配置druid监控spring jdbc -->
    <bean id="druid-stat-interceptor" class="com.alibaba.druid.support.spring.stat.DruidStatInterceptor" />
 
    <bean id="druid-stat-pointcut" class="org.springframework.aop.support.JdkRegexpMethodPointcut" scope="prototype">
        <property name="patterns">
            <list>
                <value>com.XXX.stat.service.*</value>
                <value>com.XXX.stat.dao.*</value>
            </list>
        </property>
    </bean>
    
    <aop:config proxy-target-class="true">
        <aop:advisor advice-ref="druid-stat-interceptor" pointcut-ref="druid-stat-pointcut" />
    </aop:config>
</beans>